1. Leonhard Paul Euler Suiza 15/4/1707 18/9/1783 https://es.wikipedia.org/wiki/Leonhard_Euler 
https://upload.wikimedia.org/wikipedia/commons/thumb/6/60/Leonhard_Euler_2.jpg/300px-Leonhard_Euler_2.jpg 
2. Srinivasa Aiyangar Ramanujan India  22/12/1887 26/4/1920 https://es.wikipedia.org/wiki/Srinivasa_Ramanujan https://upload.wikimedia.org/wikipedia/commons/thumb/c/c1/Srinivasa_Ramanujan_-_OPC_-_1.jpg/375px-Srinivasa_Ramanujan_-_OPC_-_1.jpg
3. Christian  Goldbach Alemania 18/03/1690 20/11/1764 https://es.wikipedia.org/wiki/Christian_Goldbach
https://imagenes.elpais.com/resizer/rKS1tBHRX8ilD4JQUkSgVZdHT2I=/414x0/cloudfront-eu-central-1.images.arcpublishing.com/prisa/DRDAVQNTWNFHTBPZF6SYLAABJI.jpg
4. Amalie Emmy Noether Alemania 23/03/1882 14/4/1935 https://es.wikipedia.org/wiki/Emmy_Noether  https://upload.wikimedia.org/wikipedia/commons/thumb/e/e5/Noether.jpg/330px-Noether.jpg
5. Johann Carl Friedrich Gauss Alemania 30/4/1777 23/02/1855 https://es.wikipedia.org/wiki/Carl_Friedrich_Gauss https://upload.wikimedia.org/wikipedia/commons/thumb/e/ec/Carl_Friedrich_Gauss_1840_by_Jensen.jpg/330px-Carl_Friedrich_Gauss_1840_by_Jensen.jpg
6. Roger Penrose Reino Unido 08/08/1931 null https://es.wikipedia.org/wiki/Roger_Penrose https://upload.wikimedia.org/wikipedia/commons/thumb/d/d5/Roger_Penrose_at_Festival_della_Scienza_Oct_29_2011.jpg/330px-Roger_Penrose_at_Festival_della_Scienza_Oct_29_2011.jpg
7. Pierre De Fermat Francia 17/08/1601 12/01/1665 https://es.wikipedia.org/wiki/Pierre_de_Fermat https://upload.wikimedia.org/wikipedia/commons/thumb/3/3b/Pierre_de_Fermat3.jpg/330px-Pierre_de_Fermat3.jpg
8. Joseph-Louis De Lagrange Francia 25/01/1736  10/04/1813  https://es.wikipedia.org/wiki/Joseph-Louis_Lagrange https://upload.wikimedia.org/wikipedia/commons/4/46/%D0%9B%D0%B0%D0%B3%D1%80%D0%B0%D0%BD%D0%B6.jpg
9. Georg Friedrich Bernhard Riemann Alemania 17/09/1826 20/07/1866  https://es.wikipedia.org/wiki/Bernhard_Riemann https://upload.wikimedia.org/wikipedia/commons/thumb/8/82/Georg_Friedrich_Bernhard_Riemann.jpeg/330px-Georg_Friedrich_Bernhard_Riemann.jpeg
10. Adrien-Marie Legendre Francia 18/09/1752 10/01/1833 https://es.wikipedia.org/wiki/Adrien-Marie_Legendre https://static.wikia.nocookie.net/totalwar-ar/images/d/d1/Adrien-Marie_Legendre.png/revision/latest?cb=20141202005256
11. Alexander Grothendieck Alemania 28/03/1928 13/11/2014 https://es.wikipedia.org/wiki/Alexander_Grothendieck  https://upload.wikimedia.org/wikipedia/commons/e/ef/Alexander_Grothendieck.jpg
12. Laurent-Moïse Schwartz Francia 05/03/1915 04/07/2002 https://hmong.es/wiki/Laurent_Schwartz https://upload.wikimedia.org/wikipedia/commons/5/5c/LaurentSchwartz.jpg
13. Jules Henri Poincaré Francia 29/04/1854 17/07/1912 https://es.wikipedia.org/wiki/Henri_Poincar%C3%A9 https://upload.wikimedia.org/wikipedia/commons/a/af/JH_Poincare.jpg
14. Saharon Shelah Israel 03/07/1945 nope  https://es.wikipedia.org/wiki/Saharon_Shelah https://upload.wikimedia.org/wikipedia/commons/thumb/9/93/Saharon_Shelah_2008.jpg/450px-Saharon_Shelah_2008.jpg
15. Andrew Wiles Reino Unido 11/04/1953 null  https://es.wikipedia.org/wiki/Andrew_Wiles https://upload.wikimedia.org/wikipedia/commons/thumb/4/4c/Andrew_wiles1-3.jpg/375px-Andrew_wiles1-3.jpg
16. Heinz Hopf Alemania 19/11/1894 03/06/1971 https://es.wikipedia.org/wiki/Heinz_Hopf https://upload.wikimedia.org/wikipedia/commons/thumb/3/37/ETH-BIB-Hopf%2C_Heinz_%281894-1971%29-Portr_07480.jpg/330px-ETH-BIB-Hopf%2C_Heinz_%281894-1971%29-Portr_07480.jpg
17. Kurt Gödel Hungría 28/04/1906 14/01/1978 https://es.wikipedia.org/wiki/Kurt_G%C3%B6del https://upload.wikimedia.org/wikipedia/commons/6/62/Kurt-godel1.jpg
18. Grigori Perelman Rusia 13/06/1966 null https://es.wikipedia.org/wiki/Grigori_Perelm%C3%A1n https://upload.wikimedia.org/wikipedia/commons/thumb/d/d7/Grigori_Perelman%2C_1993_%28re-scanned%29_%28cropped%29.jpg/330px-Grigori_Perelman%2C_1993_%28re-scanned%29_%28cropped%29.jpg
19. Ernst Witt Dinamarca 26/06/1911 03/07/1991 https://es.wikipedia.org/wiki/Ernst_Witt https://upload.wikimedia.org/wikipedia/commons/9/95/Ernst_Witt.jpeg
20 Georges Henry Joseph Édouard Lemaître Bélgica 17/07/1894 20/06/1966 https://es.wikipedia.org/wiki/Georges_Lema%C3%AEtre https://upload.wikimedia.org/wikipedia/commons/thumb/5/52/Lemaitre.jpg/375px-Lemaitre.jpg
21. Subrahmanyan Chandrasekhar India 19/10/1910 21/08/1995 https://es.wikipedia.org/wiki/Subrahmanyan_Chandrasekhar https://upload.wikimedia.org/wikipedia/commons/6/67/Subrahmanyan_Chandrasekhar.gif
22. Julius Robert Oppenheimer Estados Unidos 22/04/1904 18/02/1967 https://es.wikipedia.org/wiki/Robert_Oppenheimer https://upload.wikimedia.org/wikipedia/commons/thumb/0/03/JROppenheimer-LosAlamos.jpg/330px-JROppenheimer-LosAlamos.jpg
23. Stephen William Hawking  Reino Unido 08/01/1942 14/03/2018 https://es.wikipedia.org/wiki/Stephen_Hawking https://historia.nationalgeographic.com.es/medio/2021/01/05/captura-de-pantalla-2021-01-05-a-las-111211_c79a53f8_550x594.png
24. Theodor Franz Eduard Kaluza Alemania 09/11/1885 19/01/1954 https://es.wikipedia.org/wiki/Theodor_Kaluza https://mathshistory.st-andrews.ac.uk/Biographies/Kaluza/Kaluza.jpeg
25. Oskar Benjamin Klein Suecia 15/09/1894 05/02/1977 https://es.wikipedia.org/wiki/Oskar_Klein https://upload.wikimedia.org/wikipedia/commons/7/76/Oskar_Klein.jpg
26. Walter Gordon Alemania 03/08/1893 24/12/1939 https://es.wikipedia.org/wiki/Walter_Gordon https://prabook.com/web/show-photo-icon.jpg?id=2601097&width=150&cache=false
27. Hermann Minkowski Alemania 22/06/1864 12/01/1909 https://es.wikipedia.org/wiki/Hermann_Minkowski https://upload.wikimedia.org/wikipedia/commons/thumb/c/c5/De_Raum_zeit_Minkowski_Bild.jpg/300px-De_Raum_zeit_Minkowski_Bild.jpg
28. John Forbes Nash Estados Unidos 13/06/1928 23/05/2015 https://es.wikipedia.org/wiki/John_Forbes_Nash https://upload.wikimedia.org/wikipedia/commons/thumb/a/a9/John_Forbes_Nash%2C_Jr._by_Peter_Badge.jpg/330px-John_Forbes_Nash%2C_Jr._by_Peter_Badge.jpg
29. Évariste Galois Francia 25/10/1811 31/05/1832 https://es.wikipedia.org/wiki/%C3%89variste_Galois https://upload.wikimedia.org/wikipedia/commons/thumb/c/c8/Evariste_Galois.jpg/330px-Evariste_Galois.jpg
30. Ronald Aylmer Fisher Reino Unido 17/02/1890 29/07/1962 https://es.wikipedia.org/wiki/Ronald_Fisher https://upload.wikimedia.org/wikipedia/commons/2/21/RonaldFisher1912.jpg
31. Johannes Kepler Alemania 27/12/1571 15/11/1630 Johannes Kepler https://es.wikipedia.org/wiki/Johannes_Kepler https://upload.wikimedia.org/wikipedia/commons/thumb/7/74/JKepler.jpg/375px-JKepler.jpg
32. Sir Isaac Newton Reino Unido 25/12/1642 20/03/1727  https://es.wikipedia.org/wiki/Isaac_Newton https://upload.wikimedia.org/wikipedia/commons/thumb/3/3b/Portrait_of_Sir_Isaac_Newton%2C_1689.jpg/330px-Portrait_of_Sir_Isaac_Newton%2C_1689.jpg
33. James Clerk Maxwell Reino Unido 13/06/1831 05/11/1879 https://es.wikipedia.org/wiki/James_Clerk_Maxwell https://upload.wikimedia.org/wikipedia/commons/5/57/James_Clerk_Maxwell.png
34. Georg Simon Ohm Alemania 16/03/1789 06/07/1854 https://es.wikipedia.org/wiki/Georg_Simon_Ohm https://upload.wikimedia.org/wikipedia/commons/thumb/2/2a/Georg_Simon_Ohm3.jpg/330px-Georg_Simon_Ohm3.jpg
35. Karl Schwarzschild Alemania 09/10/1873 11/05/1916 https://es.wikipedia.org/wiki/Karl_Schwarzschild https://upload.wikimedia.org/wikipedia/commons/thumb/4/48/Schwarzschild.jpg/330px-Schwarzschild.jpg
36. Hendrik Antoon Lorentz Países Bajos 18/07/1853 04/02/1928 https://es.wikipedia.org/wiki/Hendrik_Antoon_Lorentz https://upload.wikimedia.org/wikipedia/commons/thumb/3/33/Hendrik_Antoon_Lorentz.jpg/300px-Hendrik_Antoon_Lorentz.jpg  
37. Paul Adrien Maurice Dirac Reino Unido 08/09/1902 20/10/1984 https://es.wikipedia.org/wiki/Paul_Dirac https://upload.wikimedia.org/wikipedia/commons/8/8a/Paul_Dirac%2C_1933%2C_head_and_shoulders_portrait%2C_bw.jpg
38. Erwin Schrödinger Austria 12/09/1887 04/01/1961 https://es.wikipedia.org/wiki/Erwin_Schr%C3%B6dinger https://upload.wikimedia.org/wikipedia/commons/2/2e/Erwin_Schr%C3%B6dinger_%281933%29.jpg
39. Albert Einstein Alemania 14/03/1879 18/04/1955   https://es.wikipedia.org/wiki/Albert_Einstein
https://upload.wikimedia.org/wikipedia/commons/thumb/d/d3/Albert_Einstein_Head.jpg/330px-Albert_Einstein_Head.jpg
40. Gottfried Wilhelm Leibniz Alemania 01/07/1646 14/11/1716 https://es.wikipedia.org/wiki/Gottfried_Leibniz https://upload.wikimedia.org/wikipedia/commons/thumb/c/ce/Gottfried_Wilhelm_Leibniz%2C_Bernhard_Christoph_Francke.jpg/330px-Gottfried_Wilhelm_Leibniz%2C_Bernhard_Christoph_Francke.jpg
41. Wilhelm Jordan Alemania 01/03/1842 17/04/1899 https://es.wikipedia.org/wiki/Wilhelm_Jordan https://upload.wikimedia.org/wikipedia/commons/7/70/Wilhelm_Jordan.png

